"Measure","2005","2010","2038","2050","Units"
"PopHousehold.01_01_EP_NW",4441,5723,8358,8315,"Population in households in MPO boundary"
"PopHousehold.02_02_WC_Ctr",3978,6080,5977,5899,"Population in households in MPO boundary"
"PopHousehold.03_03_CP_W",5492,6647,11297,11186,"Population in households in MPO boundary"
"PopHousehold.04_04_JACK",6102,5850,7271,7298,"Population in households in MPO boundary"
"PopHousehold.05_05_WMED_NE",4428,5883,4652,4361,"Population in households in MPO boundary"
"PopHousehold.06_06_EMED_NE",3323,2977,15280,15442,"Population in households in MPO boundary"
"PopHousehold.07_07_PHX_Ctr",6936,7739,8751,8705,"Population in households in MPO boundary"
"PopHousehold.08_08_TAL_Ctr",6621,6587,8696,8713,"Population in households in MPO boundary"
"PopHousehold.09_09_ASH_N",4804,4434,6520,6459,"Population in households in MPO boundary"
"PopHousehold.10_10_TOLO",1140,1523,906,944,"Population in households in MPO boundary"
"PopHousehold.11_11_NMED_N",3928,3945,11841,11717,"Population in households in MPO boundary"
"PopHousehold.09_12_ASH_Ctr",5501,4431,5898,5799,"Population in households in MPO boundary"
"PopHousehold.03_13_CP_E",3395,3990,7090,7159,"Population in households in MPO boundary"
"PopHousehold.05_14_WMED_SE",4406,4304,8024,8103,"Population in households in MPO boundary"
"PopHousehold.05_15_WMED_E",3672,5144,3235,3261,"Population in households in MPO boundary"
"PopHousehold.06_16_EMED_NW",6527,6866,6273,6320,"Population in households in MPO boundary"
"PopHousehold.06_17_EMED_SW",6347,5496,7644,7913,"Population in households in MPO boundary"
"PopHousehold.11_18_NMED_SW",3979,4474,3985,3945,"Population in households in MPO boundary"
"PopHousehold.09_19_ASH_SW",6571,5163,7254,7356,"Population in households in MPO boundary"
"PopHousehold.06_20_EMED_N",7051,5953,9321,9493,"Population in households in MPO boundary"
"PopHousehold.01_21_EP_SE",3709,4096,8950,9035,"Population in households in MPO boundary"
"PopHousehold.02_22_WC_S",2305,3519,2699,2650,"Population in households in MPO boundary"
"PopHousehold.06_23_EMED_Ctr",3898,2529,4348,4319,"Population in households in MPO boundary"
"PopHousehold.03_24_CP_N",3380,3902,3895,3903,"Population in households in MPO boundary"
"PopHousehold.03_25_CP_S",5105,5333,5113,5137,"Population in households in MPO boundary"
"PopHousehold.05_26_WMED_NW",5071,4843,6987,7010,"Population in households in MPO boundary"
"PopHousehold.05_27_WMED_Ctr",3074,3787,4219,4323,"Population in households in MPO boundary"
"PopHousehold.06_28_EMED_SE",2823,2021,19407,19377,"Population in households in MPO boundary"
"PopHousehold.07_29_PHX_W",1446,1397,1069,1128,"Population in households in MPO boundary"
"PopHousehold.07_30_PHX_E",1096,814,1379,1355,"Population in households in MPO boundary"
"PopHousehold.09_31_ASH_CtrE",5161,4695,8490,8300,"Population in households in MPO boundary"
"PopHousehold.11_32_NMED_SE",4140,3915,4872,4983,"Population in households in MPO boundary"
"PopHousehold.08_33_TAL_E",1032,894,803,798,"Population in households in MPO boundary"
"PopHousehold.08_34_TAL_W",1382,1169,1043,1072,"Population in households in MPO boundary"
"PopHousehold.09_35_ASH_E",2055,1835,1876,1900,"Population in households in MPO boundary"
"PopHousehold.09_36_ASH_NW",4833,4139,6677,6830,"Population in households in MPO boundary"
"PopHousehold.05_37_WMED_SW",6122,5886,8092,7823,"Population in households in MPO boundary"
"PopHousehold.05_38_WMED_ESE",3761,4497,3187,3136,"Population in households in MPO boundary"
"PopHousehold.06_39_EMED_W",6145,5631,5881,5793,"Population in households in MPO boundary"
"PopGroupQtr.01_01_EP_NW",0,0,0,0,"Population in group quarters in MPO boundary"
"PopGroupQtr.02_02_WC_Ctr",0,0,0,0,"Population in group quarters in MPO boundary"
"PopGroupQtr.03_03_CP_W",0,0,0,0,"Population in group quarters in MPO boundary"
"PopGroupQtr.04_04_JACK",0,0,0,0,"Population in group quarters in MPO boundary"
"PopGroupQtr.05_05_WMED_NE",0,0,0,0,"Population in group quarters in MPO boundary"
"PopGroupQtr.06_06_EMED_NE",0,0,0,0,"Population in group quarters in MPO boundary"
"PopGroupQtr.07_07_PHX_Ctr",0,0,0,0,"Population in group quarters in MPO boundary"
"PopGroupQtr.08_08_TAL_Ctr",0,0,0,0,"Population in group quarters in MPO boundary"
"PopGroupQtr.09_09_ASH_N",0,0,0,0,"Population in group quarters in MPO boundary"
"PopGroupQtr.10_10_TOLO",0,0,0,0,"Population in group quarters in MPO boundary"
"PopGroupQtr.11_11_NMED_N",0,0,0,0,"Population in group quarters in MPO boundary"
"PopGroupQtr.09_12_ASH_Ctr",773,1117,1993,1993,"Population in group quarters in MPO boundary"
"PopGroupQtr.03_13_CP_E",0,0,0,0,"Population in group quarters in MPO boundary"
"PopGroupQtr.05_14_WMED_SE",0,0,0,0,"Population in group quarters in MPO boundary"
"PopGroupQtr.05_15_WMED_E",0,0,0,0,"Population in group quarters in MPO boundary"
"PopGroupQtr.06_16_EMED_NW",0,0,0,0,"Population in group quarters in MPO boundary"
"PopGroupQtr.06_17_EMED_SW",0,0,0,0,"Population in group quarters in MPO boundary"
"PopGroupQtr.11_18_NMED_SW",0,0,0,0,"Population in group quarters in MPO boundary"
"PopGroupQtr.09_19_ASH_SW",0,0,0,0,"Population in group quarters in MPO boundary"
"PopGroupQtr.06_20_EMED_N",0,0,0,0,"Population in group quarters in MPO boundary"
"PopGroupQtr.01_21_EP_SE",0,0,0,0,"Population in group quarters in MPO boundary"
"PopGroupQtr.02_22_WC_S",0,0,0,0,"Population in group quarters in MPO boundary"
"PopGroupQtr.06_23_EMED_Ctr",0,0,0,0,"Population in group quarters in MPO boundary"
"PopGroupQtr.03_24_CP_N",0,0,0,0,"Population in group quarters in MPO boundary"
"PopGroupQtr.03_25_CP_S",0,0,0,0,"Population in group quarters in MPO boundary"
"PopGroupQtr.05_26_WMED_NW",0,0,0,0,"Population in group quarters in MPO boundary"
"PopGroupQtr.05_27_WMED_Ctr",0,0,0,0,"Population in group quarters in MPO boundary"
"PopGroupQtr.06_28_EMED_SE",0,0,0,0,"Population in group quarters in MPO boundary"
"PopGroupQtr.07_29_PHX_W",0,0,0,0,"Population in group quarters in MPO boundary"
"PopGroupQtr.07_30_PHX_E",0,0,0,0,"Population in group quarters in MPO boundary"
"PopGroupQtr.09_31_ASH_CtrE",3,4,7,7,"Population in group quarters in MPO boundary"
"PopGroupQtr.11_32_NMED_SE",0,0,0,0,"Population in group quarters in MPO boundary"
"PopGroupQtr.08_33_TAL_E",0,0,0,0,"Population in group quarters in MPO boundary"
"PopGroupQtr.08_34_TAL_W",0,0,0,0,"Population in group quarters in MPO boundary"
"PopGroupQtr.09_35_ASH_E",0,0,0,0,"Population in group quarters in MPO boundary"
"PopGroupQtr.09_36_ASH_NW",0,0,0,0,"Population in group quarters in MPO boundary"
"PopGroupQtr.05_37_WMED_SW",0,0,0,0,"Population in group quarters in MPO boundary"
"PopGroupQtr.05_38_WMED_ESE",0,0,0,0,"Population in group quarters in MPO boundary"
"PopGroupQtr.06_39_EMED_W",0,0,0,0,"Population in group quarters in MPO boundary"
"IncomeCapHousehold.01_01_EP_NW",22007.0821903562,24592.118843233,25301.934495598,25710.5980789623,"Average annual per capita income of MPO households in 2005 dollars"
"IncomeCapHousehold.02_02_WC_Ctr",11614.355748703,20446.1324382437,15162.4025097175,15109.2860342003,"Average annual per capita income of MPO households in 2005 dollars"
"IncomeCapHousehold.03_03_CP_W",30826.4817407741,29369.161972393,34253.4045085285,34793.9014628298,"Average annual per capita income of MPO households in 2005 dollars"
"IncomeCapHousehold.04_04_JACK",37154.1928245601,36390.6122975479,42166.3301976447,42359.8567606619,"Average annual per capita income of MPO households in 2005 dollars"
"IncomeCapHousehold.05_05_WMED_NE",11676.963282767,18842.9037231777,14202.3494181296,15384.5273137084,"Average annual per capita income of MPO households in 2005 dollars"
"IncomeCapHousehold.06_06_EMED_NE",40451.927730227,39684.8243796328,44839.8560637158,44329.9552929221,"Average annual per capita income of MPO households in 2005 dollars"
"IncomeCapHousehold.07_07_PHX_Ctr",21790.1940068074,21841.4669131938,25791.6132525073,26101.228266383,"Average annual per capita income of MPO households in 2005 dollars"
"IncomeCapHousehold.08_08_TAL_Ctr",20225.2053746003,20625.887344702,23658.3962398889,23190.9644435433,"Average annual per capita income of MPO households in 2005 dollars"
"IncomeCapHousehold.09_09_ASH_N",39639.6808715415,40649.0006059407,44621.213095394,45194.7126587074,"Average annual per capita income of MPO households in 2005 dollars"
"IncomeCapHousehold.10_10_TOLO",27839.7740382443,23968.7510048982,33895.3713902534,32313.0736901046,"Average annual per capita income of MPO households in 2005 dollars"
"IncomeCapHousehold.11_11_NMED_N",26760.8978219151,27899.5518031715,29748.5755021682,30408.5474562258,"Average annual per capita income of MPO households in 2005 dollars"
"IncomeCapHousehold.09_12_ASH_Ctr",25020.3510004889,25871.2885173817,28094.8155571676,28948.4679580888,"Average annual per capita income of MPO households in 2005 dollars"
"IncomeCapHousehold.03_13_CP_E",23347.1869757338,22832.5459423514,27796.9078361762,27981.6050831608,"Average annual per capita income of MPO households in 2005 dollars"
"IncomeCapHousehold.05_14_WMED_SE",26748.601410052,24916.1026705946,31232.1467541191,31266.1320344626,"Average annual per capita income of MPO households in 2005 dollars"
"IncomeCapHousehold.05_15_WMED_E",6909.5011414537,12136.734711086,8692.9890046308,9041.85423355728,"Average annual per capita income of MPO households in 2005 dollars"
"IncomeCapHousehold.06_16_EMED_NW",13664.3075567363,18631.0302439928,16253.8700931346,16217.3298248063,"Average annual per capita income of MPO households in 2005 dollars"
"IncomeCapHousehold.06_17_EMED_SW",31520.6203587144,32336.5916762604,35862.5615055223,34838.02981634,"Average annual per capita income of MPO households in 2005 dollars"
"IncomeCapHousehold.11_18_NMED_SW",19751.161669831,22784.7074203618,22192.9381199514,22185.4321223847,"Average annual per capita income of MPO households in 2005 dollars"
"IncomeCapHousehold.09_19_ASH_SW",39697.3491819891,38670.6730521233,44635.6412020197,43520.1321413064,"Average annual per capita income of MPO households in 2005 dollars"
"IncomeCapHousehold.06_20_EMED_N",31276.485718001,29067.8862326061,35581.661958399,34983.7291422115,"Average annual per capita income of MPO households in 2005 dollars"
"IncomeCapHousehold.01_21_EP_SE",25350.8861079934,26119.7233892063,30472.2854964305,29739.8012691042,"Average annual per capita income of MPO households in 2005 dollars"
"IncomeCapHousehold.02_22_WC_S",14784.3187116842,22287.4502004659,18987.6270387003,18926.8521898374,"Average annual per capita income of MPO households in 2005 dollars"
"IncomeCapHousehold.06_23_EMED_Ctr",39402.4265420042,43092.4869738682,43881.7121728558,44099.2242502568,"Average annual per capita income of MPO households in 2005 dollars"
"IncomeCapHousehold.03_24_CP_N",21838.4086279774,23393.4312811875,25810.5816364337,26280.3816293053,"Average annual per capita income of MPO households in 2005 dollars"
"IncomeCapHousehold.03_25_CP_S",21522.5276351002,20922.8007986533,25383.1632704119,25300.9728191104,"Average annual per capita income of MPO households in 2005 dollars"
"IncomeCapHousehold.05_26_WMED_NW",34161.1419530139,32610.7428588654,38805.0680143569,38384.9125662378,"Average annual per capita income of MPO households in 2005 dollars"
"IncomeCapHousehold.05_27_WMED_Ctr",18962.7386737278,23148.0775312437,22747.3689847491,22372.3802155295,"Average annual per capita income of MPO households in 2005 dollars"
"IncomeCapHousehold.06_28_EMED_SE",45289.679662822,47456.5717747892,50573.9129184475,50443.8542553617,"Average annual per capita income of MPO households in 2005 dollars"
"IncomeCapHousehold.07_29_PHX_W",33827.6544014413,32227.7948614921,38697.4290986488,37434.2045311734,"Average annual per capita income of MPO households in 2005 dollars"
"IncomeCapHousehold.07_30_PHX_E",32518.5980551766,32343.4908300175,35960.4700023711,36626.2264789758,"Average annual per capita income of MPO households in 2005 dollars"
"IncomeCapHousehold.09_31_ASH_CtrE",33923.1341922308,33158.3495393693,37585.7909250683,38798.4027166183,"Average annual per capita income of MPO households in 2005 dollars"
"IncomeCapHousehold.11_32_NMED_SE",26641.5056732779,25320.2525324268,31059.4359800875,31035.6657815694,"Average annual per capita income of MPO households in 2005 dollars"
"IncomeCapHousehold.08_33_TAL_E",34086.9304984777,33379.5833717556,37424.4712299176,37302.6021726421,"Average annual per capita income of MPO households in 2005 dollars"
"IncomeCapHousehold.08_34_TAL_W",34594.1536892817,35260.208513566,39027.1187622646,38276.1769174823,"Average annual per capita income of MPO households in 2005 dollars"
"IncomeCapHousehold.09_35_ASH_E",39242.4172726174,38795.4969770157,43879.3489612178,42813.9382420585,"Average annual per capita income of MPO households in 2005 dollars"
"IncomeCapHousehold.09_36_ASH_NW",36447.6298216575,34801.5758306198,39794.7767723181,39226.5732114144,"Average annual per capita income of MPO households in 2005 dollars"
"IncomeCapHousehold.05_37_WMED_SW",29557.9980146913,27152.6962633773,33135.1227715085,34527.3075497385,"Average annual per capita income of MPO households in 2005 dollars"
"IncomeCapHousehold.05_38_WMED_ESE",9296.68670261899,15434.2690307071,11494.1378482406,11861.5652884456,"Average annual per capita income of MPO households in 2005 dollars"
"IncomeCapHousehold.06_39_EMED_W",29823.2503072979,28824.4978155255,32984.3691999668,34063.5045766366,"Average annual per capita income of MPO households in 2005 dollars"
"DvmtCapHousehold.01_01_EP_NW",20.8408180124229,20.8758967594689,17.0389566049889,18.5678025219262,"Average Percapita DVMT of MPO households"
"DvmtCapHousehold.02_02_WC_Ctr",13.0846967614551,18.5213214066707,10.4518200322966,11.9966193699953,"Average Percapita DVMT of MPO households"
"DvmtCapHousehold.03_03_CP_W",25.0114173567691,23.4810845066843,22.7868045636491,23.9723016479967,"Average Percapita DVMT of MPO households"
"DvmtCapHousehold.04_04_JACK",27.9875460084973,26.9333301561626,27.1665792892813,28.157582434868,"Average Percapita DVMT of MPO households"
"DvmtCapHousehold.05_05_WMED_NE",13.3826596734451,17.1577517754239,9.88229171936682,12.434414217708,"Average Percapita DVMT of MPO households"
"DvmtCapHousehold.06_06_EMED_NE",30.4078354182764,29.2688508220751,27.2253219214773,27.8137526631091,"Average Percapita DVMT of MPO households"
"DvmtCapHousehold.07_07_PHX_Ctr",20.2365461220172,19.4733400518483,16.7812313306007,18.3511495732563,"Average Percapita DVMT of MPO households"
"DvmtCapHousehold.08_08_TAL_Ctr",19.5398287434854,18.999318427529,15.8217546555295,17.0236801538361,"Average Percapita DVMT of MPO households"
"DvmtCapHousehold.09_09_ASH_N",28.9463860775055,28.3871193990621,28.10727826728,29.2207828908643,"Average Percapita DVMT of MPO households"
"DvmtCapHousehold.10_10_TOLO",24.7176620941473,21.4098423437357,25.595197714965,25.0355390940378,"Average Percapita DVMT of MPO households"
"DvmtCapHousehold.11_11_NMED_N",24.520892685598,24.0751890753811,21.920652742782,23.5208195518034,"Average Percapita DVMT of MPO households"
"DvmtCapHousehold.09_12_ASH_Ctr",21.2098629767797,17.8920062064216,17.1804467217437,19.0553797177399,"Average Percapita DVMT of MPO households"
"DvmtCapHousehold.03_13_CP_E",21.7468177337726,20.5510156090809,19.5045141162121,20.5663184834544,"Average Percapita DVMT of MPO households"
"DvmtCapHousehold.05_14_WMED_SE",23.1674931817399,21.6908185366952,21.5119687336857,22.2874680661141,"Average Percapita DVMT of MPO households"
"DvmtCapHousehold.05_15_WMED_E",8.49554847408888,12.5227625543368,5.94197612914748,7.47864084720163,"Average Percapita DVMT of MPO households"
"DvmtCapHousehold.06_16_EMED_NW",15.0877176994381,17.1172885911765,11.0853085310625,12.7746660318644,"Average Percapita DVMT of MPO households"
"DvmtCapHousehold.06_17_EMED_SW",25.1779074570746,25.4248563346104,23.9384053487676,24.1469095162382,"Average Percapita DVMT of MPO households"
"DvmtCapHousehold.11_18_NMED_SW",19.5325545824043,20.2667363028014,15.3184712051982,16.8923962574966,"Average Percapita DVMT of MPO households"
"DvmtCapHousehold.09_19_ASH_SW",27.5134040342932,26.6070706120161,26.4271644027615,27.0553062813622,"Average Percapita DVMT of MPO households"
"DvmtCapHousehold.06_20_EMED_N",24.0321162365714,22.905425023655,22.9482174310788,23.3249264654824,"Average Percapita DVMT of MPO households"
"DvmtCapHousehold.01_21_EP_SE",23.1649865289812,22.8865801170088,20.9012559135515,21.5797639371811,"Average Percapita DVMT of MPO households"
"DvmtCapHousehold.02_22_WC_S",16.1455275438321,20.2699978195784,15.7858835891031,16.8370124798653,"Average Percapita DVMT of MPO households"
"DvmtCapHousehold.06_23_EMED_Ctr",28.168754678359,29.7329229154455,27.5026132276361,28.579937635598,"Average Percapita DVMT of MPO households"
"DvmtCapHousehold.03_24_CP_N",20.2459800400456,19.9980824532931,17.7957686993965,19.3138759258741,"Average Percapita DVMT of MPO households"
"DvmtCapHousehold.03_25_CP_S",19.6067291500548,18.4162834203552,16.9652608478678,18.27973911025,"Average Percapita DVMT of MPO households"
"DvmtCapHousehold.05_26_WMED_NW",27.4433855871999,26.0523094761042,26.1937963950191,27.0781649061351,"Average Percapita DVMT of MPO households"
"DvmtCapHousehold.05_27_WMED_Ctr",18.6856966655161,20.0494124182593,15.6180359541967,16.7576797469494,"Average Percapita DVMT of MPO households"
"DvmtCapHousehold.06_28_EMED_SE",32.4497936990527,32.1092215768798,28.7742303212368,29.5405135608456,"Average Percapita DVMT of MPO households"
"DvmtCapHousehold.07_29_PHX_W",27.9849863344851,26.1221738377735,28.0569072058779,27.6783700631616,"Average Percapita DVMT of MPO households"
"DvmtCapHousehold.07_30_PHX_E",26.1288494580646,26.3591474357885,25.6259754433628,27.0495799275112,"Average Percapita DVMT of MPO households"
"DvmtCapHousehold.09_31_ASH_CtrE",26.2203325849943,25.4042856280434,23.4953285186977,25.0806943689905,"Average Percapita DVMT of MPO households"
"DvmtCapHousehold.11_32_NMED_SE",22.2973902205956,21.1971086075465,20.1558598125952,21.1824319162672,"Average Percapita DVMT of MPO households"
"DvmtCapHousehold.08_33_TAL_E",28.5477177321444,26.8557401088408,27.8254959071305,27.9611318165964,"Average Percapita DVMT of MPO households"
"DvmtCapHousehold.08_34_TAL_W",27.4384887969392,27.959861210999,28.3457771648079,28.2378299688187,"Average Percapita DVMT of MPO households"
"DvmtCapHousehold.09_35_ASH_E",29.5383337894737,28.1534463607108,30.7030778791551,30.4865270019217,"Average Percapita DVMT of MPO households"
"DvmtCapHousehold.09_36_ASH_NW",27.184361876198,26.2913203627512,24.8987315328074,25.4094373074195,"Average Percapita DVMT of MPO households"
"DvmtCapHousehold.05_37_WMED_SW",24.0169335464294,22.1538212921077,21.8975359746736,23.4425078866089,"Average Percapita DVMT of MPO households"
"DvmtCapHousehold.05_38_WMED_ESE",11.0122319711104,14.6734575025933,7.97615022914774,9.66783824410539,"Average Percapita DVMT of MPO households"
"DvmtCapHousehold.06_39_EMED_W",23.8244577492007,23.2460371093274,22.0346980934746,23.5497662276353,"Average Percapita DVMT of MPO households"
"Co2eCapHousehold.01_01_EP_NW",3.78637365738872,3.66093031746271,0.911287033972021,0.84567692269304,"Annual percapita metric tons of CO2e emitted by household light-duty vehicles"
"Co2eCapHousehold.02_02_WC_Ctr",2.40186806918136,3.2779553613141,0.56126824748418,0.551849586352688,"Annual percapita metric tons of CO2e emitted by household light-duty vehicles"
"Co2eCapHousehold.03_03_CP_W",4.50143749777182,4.12063050110569,1.23300482081301,1.09142813031209,"Annual percapita metric tons of CO2e emitted by household light-duty vehicles"
"Co2eCapHousehold.04_04_JACK",5.06153548051411,4.77056477213772,1.51820774466119,1.30688456560986,"Annual percapita metric tons of CO2e emitted by household light-duty vehicles"
"Co2eCapHousehold.05_05_WMED_NE",2.41780595199954,3.01535387093091,0.522613139890772,0.577544000360874,"Annual percapita metric tons of CO2e emitted by household light-duty vehicles"
"Co2eCapHousehold.06_06_EMED_NE",5.60045894698824,5.27711793946521,1.48211106743196,1.27203351545021,"Annual percapita metric tons of CO2e emitted by household light-duty vehicles"
"Co2eCapHousehold.07_07_PHX_Ctr",3.62081125835234,3.38019424818957,0.896725355830596,0.835478200461053,"Annual percapita metric tons of CO2e emitted by household light-duty vehicles"
"Co2eCapHousehold.08_08_TAL_Ctr",3.4942319078243,3.32435552430003,0.844887580532582,0.768500851234253,"Annual percapita metric tons of CO2e emitted by household light-duty vehicles"
"Co2eCapHousehold.09_09_ASH_N",5.18179182548829,4.91039029944563,1.50929093747598,1.31046551472928,"Annual percapita metric tons of CO2e emitted by household light-duty vehicles"
"Co2eCapHousehold.10_10_TOLO",4.6317943116075,3.99026189444047,1.54387288916802,1.26375969458332,"Annual percapita metric tons of CO2e emitted by household light-duty vehicles"
"Co2eCapHousehold.11_11_NMED_N",4.4886138425176,4.28776350912782,1.19673935537976,1.08351164723829,"Annual percapita metric tons of CO2e emitted by household light-duty vehicles"
"Co2eCapHousehold.09_12_ASH_Ctr",3.73048860668905,3.03650642802981,0.874922938810056,0.852471706951233,"Annual percapita metric tons of CO2e emitted by household light-duty vehicles"
"Co2eCapHousehold.03_13_CP_E",3.992224076308,3.68173672851294,1.068017484874,0.938898674242312,"Annual percapita metric tons of CO2e emitted by household light-duty vehicles"
"Co2eCapHousehold.05_14_WMED_SE",4.1817157390337,3.83257499407096,1.15388557398759,1.0115929062429,"Annual percapita metric tons of CO2e emitted by household light-duty vehicles"
"Co2eCapHousehold.05_15_WMED_E",1.55476193639961,2.2338712298198,0.321962568300302,0.343026375102199,"Annual percapita metric tons of CO2e emitted by household light-duty vehicles"
"Co2eCapHousehold.06_16_EMED_NW",2.68050598508776,2.9977751380119,0.587037929105587,0.592100239155329,"Annual percapita metric tons of CO2e emitted by household light-duty vehicles"
"Co2eCapHousehold.06_17_EMED_SW",4.4162961922962,4.35207980428799,1.27174433206821,1.09107089269794,"Annual percapita metric tons of CO2e emitted by household light-duty vehicles"
"Co2eCapHousehold.11_18_NMED_SW",3.48923547573619,3.50380209582363,0.810661486674675,0.768367721069534,"Annual percapita metric tons of CO2e emitted by household light-duty vehicles"
"Co2eCapHousehold.09_19_ASH_SW",4.84031015186756,4.60307255173589,1.41945132330638,1.20923474989183,"Annual percapita metric tons of CO2e emitted by household light-duty vehicles"
"Co2eCapHousehold.06_20_EMED_N",4.26044167932897,3.98893906567601,1.22739037340294,1.04768372329667,"Annual percapita metric tons of CO2e emitted by household light-duty vehicles"
"Co2eCapHousehold.01_21_EP_SE",4.21772632597266,4.05313763883174,1.12349877848903,0.983613018572417,"Annual percapita metric tons of CO2e emitted by household light-duty vehicles"
"Co2eCapHousehold.02_22_WC_S",3.08430022898065,3.75199714232156,0.923555304457821,0.819536650344802,"Annual percapita metric tons of CO2e emitted by household light-duty vehicles"
"Co2eCapHousehold.06_23_EMED_Ctr",4.98999355612804,5.12465846942613,1.50248012736866,1.31883247915203,"Annual percapita metric tons of CO2e emitted by household light-duty vehicles"
"Co2eCapHousehold.03_24_CP_N",3.61033278485087,3.48305444798524,0.952365339920844,0.870896059249844,"Annual percapita metric tons of CO2e emitted by household light-duty vehicles"
"Co2eCapHousehold.03_25_CP_S",3.49507050073219,3.20292623944786,0.891384056853086,0.828686071194327,"Annual percapita metric tons of CO2e emitted by household light-duty vehicles"
"Co2eCapHousehold.05_26_WMED_NW",4.99576240526245,4.61569516968006,1.43916371480172,1.25468558479495,"Annual percapita metric tons of CO2e emitted by household light-duty vehicles"
"Co2eCapHousehold.05_27_WMED_Ctr",3.37070963046644,3.51526023317487,0.826508309596152,0.761022654912913,"Annual percapita metric tons of CO2e emitted by household light-duty vehicles"
"Co2eCapHousehold.06_28_EMED_SE",5.87115220825941,5.68290645029308,1.56814786156821,1.34903502659674,"Annual percapita metric tons of CO2e emitted by household light-duty vehicles"
"Co2eCapHousehold.07_29_PHX_W",5.22483429231902,4.75384783235198,1.6834074105719,1.38126813709157,"Annual percapita metric tons of CO2e emitted by household light-duty vehicles"
"Co2eCapHousehold.07_30_PHX_E",4.94204646267431,4.68746724496479,1.43367366724299,1.27800611497149,"Annual percapita metric tons of CO2e emitted by household light-duty vehicles"
"Co2eCapHousehold.09_31_ASH_CtrE",4.65672974228543,4.42173963300779,1.2456054210954,1.11008436234706,"Annual percapita metric tons of CO2e emitted by household light-duty vehicles"
"Co2eCapHousehold.11_32_NMED_SE",3.97913624870369,3.65666286883368,1.07600428836674,0.944809619741232,"Annual percapita metric tons of CO2e emitted by household light-duty vehicles"
"Co2eCapHousehold.08_33_TAL_E",5.32149069549184,4.95895017240632,1.6809014765129,1.45956079262274,"Annual percapita metric tons of CO2e emitted by household light-duty vehicles"
"Co2eCapHousehold.08_34_TAL_W",5.12666501068145,5.11389784606583,1.69057933683103,1.41909152295499,"Annual percapita metric tons of CO2e emitted by household light-duty vehicles"
"Co2eCapHousehold.09_35_ASH_E",5.54352840539377,5.10211973645101,1.78595902439359,1.44888756936332,"Annual percapita metric tons of CO2e emitted by household light-duty vehicles"
"Co2eCapHousehold.09_36_ASH_NW",4.83596108636753,4.56165317519958,1.31697643368232,1.11635829202617,"Annual percapita metric tons of CO2e emitted by household light-duty vehicles"
"Co2eCapHousehold.05_37_WMED_SW",4.29093682314852,3.86765779143544,1.17679349328673,1.05558774546537,"Annual percapita metric tons of CO2e emitted by household light-duty vehicles"
"Co2eCapHousehold.05_38_WMED_ESE",2.00720897436419,2.58662934354904,0.417038073787026,0.457288747599699,"Annual percapita metric tons of CO2e emitted by household light-duty vehicles"
"Co2eCapHousehold.06_39_EMED_W",4.19996450196449,4.01935337440288,1.17671797017234,1.0616472006571,"Annual percapita metric tons of CO2e emitted by household light-duty vehicles"
"VehOpCostHousehold.01_01_EP_NW",3301.22596799765,3841.71662095845,4323.48326025619,4065.91091555321,"Average annual MPO household vehicle operating cost"
"VehOpCostHousehold.02_02_WC_Ctr",1733.28796322047,3830.85938140179,2570.14189538321,2448.02650396632,"Average annual MPO household vehicle operating cost"
"VehOpCostHousehold.03_03_CP_W",4404.51580176714,4362.04655350948,6182.03749294716,5988.00539738703,"Average annual MPO household vehicle operating cost"
"VehOpCostHousehold.04_04_JACK",5628.16743168772,4978.86716757283,7529.09663528146,7531.87663740126,"Average annual MPO household vehicle operating cost"
"VehOpCostHousehold.05_05_WMED_NE",1669.31514273826,2901.91609996526,2374.22216697712,2350.31058858217,"Average annual MPO household vehicle operating cost"
"VehOpCostHousehold.06_06_EMED_NE",6505.12429929224,5856.11778599561,8056.00957714408,7876.79571255981,"Average annual MPO household vehicle operating cost"
"VehOpCostHousehold.07_07_PHX_Ctr",3014.82101277071,3050.09871664567,4511.66133116011,4237.57270407976,"Average annual MPO household vehicle operating cost"
"VehOpCostHousehold.08_08_TAL_Ctr",2811.23517513465,2973.27348128504,4049.35531300653,3767.87941859921,"Average annual MPO household vehicle operating cost"
"VehOpCostHousehold.09_09_ASH_N",5808.77605073315,5029.61214684912,7973.76784440759,7615.97345663302,"Average annual MPO household vehicle operating cost"
"VehOpCostHousehold.10_10_TOLO",4508.53400146133,4257.21482254959,4284.97615863359,4354.33362420873,"Average annual MPO household vehicle operating cost"
"VehOpCostHousehold.11_11_NMED_N",3964.58823717415,4415.99585753009,5473.4147809181,5225.73306772689,"Average annual MPO household vehicle operating cost"
"VehOpCostHousehold.09_12_ASH_Ctr",3160.50151762541,4165.80056132318,4728.57527969001,4459.57003776024,"Average annual MPO household vehicle operating cost"
"VehOpCostHousehold.03_13_CP_E",3751.93965760775,3959.10552797075,5144.32866007943,4973.54970131904,"Average annual MPO household vehicle operating cost"
"VehOpCostHousehold.05_14_WMED_SE",4070.1100831205,3852.61846292253,5629.35248670116,5465.83805650182,"Average annual MPO household vehicle operating cost"
"VehOpCostHousehold.05_15_WMED_E",928.08458269996,1977.01651749836,1316.49230406059,1358.4975429497,"Average annual MPO household vehicle operating cost"
"VehOpCostHousehold.06_16_EMED_NW",1817.13746927991,2628.78544944245,2599.66253983375,2520.49257961163,"Average annual MPO household vehicle operating cost"
"VehOpCostHousehold.06_17_EMED_SW",3890.32882020769,3800.03335590941,5988.73491813135,5851.05608867078,"Average annual MPO household vehicle operating cost"
"VehOpCostHousehold.11_18_NMED_SW",2552.42292699178,3065.3380144601,3802.56130151051,3595.75140550203,"Average annual MPO household vehicle operating cost"
"VehOpCostHousehold.09_19_ASH_SW",5255.82098003505,4741.05043134775,7560.91334518842,7382.65901980381,"Average annual MPO household vehicle operating cost"
"VehOpCostHousehold.06_20_EMED_N",4339.46067567387,4062.09886149343,6622.2566583095,6399.71557829329,"Average annual MPO household vehicle operating cost"
"VehOpCostHousehold.01_21_EP_SE",3836.5557092625,3953.94465694161,5368.04785740827,5135.29864664987,"Average annual MPO household vehicle operating cost"
"VehOpCostHousehold.02_22_WC_S",2380.11851284331,3944.67228238402,3192.03137063126,3082.42731927572,"Average annual MPO household vehicle operating cost"
"VehOpCostHousehold.06_23_EMED_Ctr",5451.69043707266,5110.10042800641,8166.83612041187,7839.06599728493,"Average annual MPO household vehicle operating cost"
"VehOpCostHousehold.03_24_CP_N",3100.45914513497,3532.83733665929,4648.52001486162,4487.55606770709,"Average annual MPO household vehicle operating cost"
"VehOpCostHousehold.03_25_CP_S",3000.44135844237,2989.37524047083,4593.16497090832,4385.41350634409,"Average annual MPO household vehicle operating cost"
"VehOpCostHousehold.05_26_WMED_NW",5021.26426487682,4892.49661567862,7054.95179642337,6746.65030998355,"Average annual MPO household vehicle operating cost"
"VehOpCostHousehold.05_27_WMED_Ctr",2718.58480016576,3599.70322341391,4060.59216402882,3883.07483283756,"Average annual MPO household vehicle operating cost"
"VehOpCostHousehold.06_28_EMED_SE",6989.9133134417,6383.16318041437,8608.66877687178,8288.30603331126,"Average annual MPO household vehicle operating cost"
"VehOpCostHousehold.07_29_PHX_W",5379.47337592697,4768.56280526701,5547.55858897137,6044.34177593285,"Average annual MPO household vehicle operating cost"
"VehOpCostHousehold.07_30_PHX_E",5145.31350015339,4605.08272150468,6825.7099435605,6497.1352399667,"Average annual MPO household vehicle operating cost"
"VehOpCostHousehold.09_31_ASH_CtrE",4491.45535898911,4260.14881981418,6593.36992644773,6418.16718616932,"Average annual MPO household vehicle operating cost"
"VehOpCostHousehold.11_32_NMED_SE",3815.49869254409,3811.31145524113,5716.61253775094,5494.42838872882,"Average annual MPO household vehicle operating cost"
"VehOpCostHousehold.08_33_TAL_E",5550.81794344306,4910.61587830959,5560.71925456858,5392.62279350223,"Average annual MPO household vehicle operating cost"
"VehOpCostHousehold.08_34_TAL_W",5459.50555624531,4970.53700384876,5460.00494001197,5732.48211184156,"Average annual MPO household vehicle operating cost"
"VehOpCostHousehold.09_35_ASH_E",6134.1543926756,5346.66461135054,6899.40880277016,6524.67858645535,"Average annual MPO household vehicle operating cost"
"VehOpCostHousehold.09_36_ASH_NW",4777.00069399404,4534.67467733869,6911.98893270128,6737.44313511958,"Average annual MPO household vehicle operating cost"
"VehOpCostHousehold.05_37_WMED_SW",4290.00701478111,4165.99844457815,6150.13501989447,5891.86158086644,"Average annual MPO household vehicle operating cost"
"VehOpCostHousehold.05_38_WMED_ESE",1362.47322152958,2341.32157471841,1883.1773559264,1893.98238270707,"Average annual MPO household vehicle operating cost"
"VehOpCostHousehold.06_39_EMED_W",3913.426221488,3830.35594050797,6050.95060470037,5877.02424251037,"Average annual MPO household vehicle operating cost"
"VehOwnCostHousehold.01_01_EP_NW",5533.54242408897,6248.48805586608,862.300154498675,598.075749969417,"Average annual MPO household vehicle ownership cost"
"VehOwnCostHousehold.02_02_WC_Ctr",3179.8495814397,6325.75454231673,205.333452641899,100.381529291158,"Average annual MPO household vehicle ownership cost"
"VehOwnCostHousehold.03_03_CP_W",7371.94975395448,6936.99388955397,2020.38722011194,1198.99131350444,"Average annual MPO household vehicle ownership cost"
"VehOwnCostHousehold.04_04_JACK",9275.08128272922,7974.78064611995,4312.1445342913,3160.30274720938,"Average annual MPO household vehicle ownership cost"
"VehOwnCostHousehold.05_05_WMED_NE",3044.21035230785,4844.61295803051,126.584111437921,49.3270889852074,"Average annual MPO household vehicle ownership cost"
"VehOwnCostHousehold.06_06_EMED_NE",10319.1123014045,8876.56780828826,3456.57947172465,2401.60601734652,"Average annual MPO household vehicle ownership cost"
"VehOwnCostHousehold.07_07_PHX_Ctr",5152.25505531765,5185.97249579425,649.119053164769,391.466979286803,"Average annual MPO household vehicle ownership cost"
"VehOwnCostHousehold.08_08_TAL_Ctr",4852.75007944706,5045.2115044012,666.903492440916,398.964900141776,"Average annual MPO household vehicle ownership cost"
"VehOwnCostHousehold.09_09_ASH_N",9864.17058161984,8132.45628487641,2999.04508095147,2193.19875500194,"Average annual MPO household vehicle ownership cost"
"VehOwnCostHousehold.10_10_TOLO",7229.81439107926,6630.55444827851,7620.87592922567,7703.05978497014,"Average annual MPO household vehicle ownership cost"
"VehOwnCostHousehold.11_11_NMED_N",6284.06979352294,6880.0733279093,1737.64605642688,1221.58844871531,"Average annual MPO household vehicle ownership cost"
"VehOwnCostHousehold.09_12_ASH_Ctr",5522.45543578011,1809.52629003278,437.320813407237,191.961142896246,"Average annual MPO household vehicle ownership cost"
"VehOwnCostHousehold.03_13_CP_E",6253.05649431962,6277.65580773115,1419.44007037246,849.606253172312,"Average annual MPO household vehicle ownership cost"
"VehOwnCostHousehold.05_14_WMED_SE",6867.81574672578,6225.70327750643,1458.4895031468,729.390981316887,"Average annual MPO household vehicle ownership cost"
"VehOwnCostHousehold.05_15_WMED_E",1927.52501117939,3440.53155444814,35.2166812570244,17.662247898308,"Average annual MPO household vehicle ownership cost"
"VehOwnCostHousehold.06_16_EMED_NW",3285.08258442258,4395.36642170318,84.7731099077355,35.4491470425311,"Average annual MPO household vehicle ownership cost"
"VehOwnCostHousehold.06_17_EMED_SW",6804.47147341718,6212.26489700481,1587.67140291178,751.037739192391,"Average annual MPO household vehicle ownership cost"
"VehOwnCostHousehold.11_18_NMED_SW",4355.32100629397,5125.72194886611,409.531544222916,136.573214549351,"Average annual MPO household vehicle ownership cost"
"VehOwnCostHousehold.09_19_ASH_SW",9219.21509710196,7714.28288254343,2705.86731565837,1729.39152522379,"Average annual MPO household vehicle ownership cost"
"VehOwnCostHousehold.06_20_EMED_N",7523.72388397528,6679.83574522591,1815.95070021214,891.286450769916,"Average annual MPO household vehicle ownership cost"
"VehOwnCostHousehold.01_21_EP_SE",6244.25201294897,6374.12758317778,1516.77566680999,906.989247233414,"Average annual MPO household vehicle ownership cost"
"VehOwnCostHousehold.02_22_WC_S",4123.25605211809,6203.93432014836,2580.63511098125,2308.17862452468,"Average annual MPO household vehicle ownership cost"
"VehOwnCostHousehold.06_23_EMED_Ctr",9354.63168963536,8050.69452018832,3017.94138384623,2135.01316814831,"Average annual MPO household vehicle ownership cost"
"VehOwnCostHousehold.03_24_CP_N",5239.94240045249,5887.55109104786,835.825525004004,351.301146838577,"Average annual MPO household vehicle ownership cost"
"VehOwnCostHousehold.03_25_CP_S",5229.94642290776,4968.23082977442,589.64698901196,244.078078105101,"Average annual MPO household vehicle ownership cost"
"VehOwnCostHousehold.05_26_WMED_NW",8038.09964603824,7877.47349451708,2890.80409438853,2287.25737775983,"Average annual MPO household vehicle ownership cost"
"VehOwnCostHousehold.05_27_WMED_Ctr",4652.10168628177,6068.24584939318,486.888447563352,202.966642347657,"Average annual MPO household vehicle ownership cost"
"VehOwnCostHousehold.06_28_EMED_SE",11053.0979019923,10038.8415148416,3254.81985842486,2133.76825882336,"Average annual MPO household vehicle ownership cost"
"VehOwnCostHousehold.07_29_PHX_W",8644.90614152589,7348.68408915852,9015.99604704432,8312.40845310846,"Average annual MPO household vehicle ownership cost"
"VehOwnCostHousehold.07_30_PHX_E",8036.20516654623,7572.02055211983,4771.84883948607,4399.94346138767,"Average annual MPO household vehicle ownership cost"
"VehOwnCostHousehold.09_31_ASH_CtrE",7708.20929934008,6801.63974476746,1853.62936233155,946.323385298707,"Average annual MPO household vehicle ownership cost"
"VehOwnCostHousehold.11_32_NMED_SE",6718.96860157876,6330.32756792676,1091.44250247384,576.285794367649,"Average annual MPO household vehicle ownership cost"
"VehOwnCostHousehold.08_33_TAL_E",9159.87000662308,7646.64107590249,10630.2117887791,9558.88563493895,"Average annual MPO household vehicle ownership cost"
"VehOwnCostHousehold.08_34_TAL_W",9163.15257296678,7876.69757640308,9760.68295174753,9903.19197292857,"Average annual MPO household vehicle ownership cost"
"VehOwnCostHousehold.09_35_ASH_E",9536.65473693468,8567.34479263643,9936.6322981206,10266.5796220607,"Average annual MPO household vehicle ownership cost"
"VehOwnCostHousehold.09_36_ASH_NW",8147.56646356918,7440.18422809783,2090.1912744648,1231.38466205702,"Average annual MPO household vehicle ownership cost"
"VehOwnCostHousehold.05_37_WMED_SW",7282.97247117787,6679.45861278515,1776.14458377411,950.682295190869,"Average annual MPO household vehicle ownership cost"
"VehOwnCostHousehold.05_38_WMED_ESE",2642.49864368328,4088.39470818026,67.4328506339485,46.0032183327374,"Average annual MPO household vehicle ownership cost"
"VehOwnCostHousehold.06_39_EMED_W",6796.62443127008,6236.36956692305,1472.88688592266,718.108763737235,"Average annual MPO household vehicle ownership cost"
"SocialCostHousehold.01_01_EP_NW",1178.92960477845,1270.19502297262,562.506267098075,557.831572256284,"Average annual MPO household social cost due to vehicle use"
"SocialCostHousehold.02_02_WC_Ctr",617.53704476056,1266.00987525122,296.266256861208,304.982432585549,"Average annual MPO household social cost due to vehicle use"
"SocialCostHousehold.03_03_CP_W",1572.16074194545,1440.08069625427,906.037684145523,859.373755788385,"Average annual MPO household social cost due to vehicle use"
"SocialCostHousehold.04_04_JACK",2007.1837778151,1642.42409822607,1224.60457064946,1164.86201688079,"Average annual MPO household social cost due to vehicle use"
"SocialCostHousehold.05_05_WMED_NE",595.838596770212,959.172224772606,268.915687849746,291.314364493827,"Average annual MPO household social cost due to vehicle use"
"SocialCostHousehold.06_06_EMED_NE",2316.20155155077,1926.55163880849,1298.25933045372,1231.13910284472,"Average annual MPO household social cost due to vehicle use"
"SocialCostHousehold.07_07_PHX_Ctr",1077.41614766071,1009.86234878329,567.717569395079,563.430272996941,"Average annual MPO household social cost due to vehicle use"
"SocialCostHousehold.08_08_TAL_Ctr",1004.27181378733,983.709079001293,507.627023920364,497.557794849783,"Average annual MPO household social cost due to vehicle use"
"SocialCostHousehold.09_09_ASH_N",2075.07629910746,1663.7631019085,1258.83792110101,1192.99771512995,"Average annual MPO household social cost due to vehicle use"
"SocialCostHousehold.10_10_TOLO",1604.29769484643,1397.92514322809,1066.81445123664,1051.11169833232,"Average annual MPO household social cost due to vehicle use"
"SocialCostHousehold.11_11_NMED_N",1413.41956733954,1456.03327831419,781.710022151392,755.513977558731,"Average annual MPO household social cost due to vehicle use"
"SocialCostHousehold.09_12_ASH_Ctr",1130.85857958854,806.515077295135,577.463833004366,581.488929189312,"Average annual MPO household social cost due to vehicle use"
"SocialCostHousehold.03_13_CP_E",1337.54207564482,1305.71370053643,718.183206630049,689.962004840517,"Average annual MPO household social cost due to vehicle use"
"SocialCostHousehold.05_14_WMED_SE",1451.54113371585,1272.81199529295,796.059882593999,755.194884723466,"Average annual MPO household social cost due to vehicle use"
"SocialCostHousehold.05_15_WMED_E",329.786014273699,653.332478496033,143.206450895923,164.650802020302,"Average annual MPO household social cost due to vehicle use"
"SocialCostHousehold.06_16_EMED_NW",650.812504731684,870.196851341193,297.081558640923,317.610457918885,"Average annual MPO household social cost due to vehicle use"
"SocialCostHousehold.06_17_EMED_SW",1390.97431073333,1257.29513095242,856.489870679454,815.162146536133,"Average annual MPO household social cost due to vehicle use"
"SocialCostHousehold.11_18_NMED_SW",912.989852369304,1015.92471564908,463.462765083883,460.906475145107,"Average annual MPO household social cost due to vehicle use"
"SocialCostHousehold.09_19_ASH_SW",1878.94043708701,1566.83213624464,1164.5006971223,1103.6767678026,"Average annual MPO household social cost due to vehicle use"
"SocialCostHousehold.06_20_EMED_N",1549.12848311925,1343.10780060361,961.112944043207,902.056317399439,"Average annual MPO household social cost due to vehicle use"
"SocialCostHousehold.01_21_EP_SE",1367.80011566935,1304.94964179289,747.85753464613,709.379295483806,"Average annual MPO household social cost due to vehicle use"
"SocialCostHousehold.02_22_WC_S",846.700582545889,1296.02295351789,519.6921548986,501.765070527918,"Average annual MPO household social cost due to vehicle use"
"SocialCostHousehold.06_23_EMED_Ctr",1948.54803387554,1692.39732738194,1288.93951337299,1226.92368684782,"Average annual MPO household social cost due to vehicle use"
"SocialCostHousehold.03_24_CP_N",1107.05998826087,1167.91950380628,605.135368291531,593.653917098206,"Average annual MPO household social cost due to vehicle use"
"SocialCostHousehold.03_25_CP_S",1071.90067860286,989.663626584808,581.216521595733,574.170062111387,"Average annual MPO household social cost due to vehicle use"
"SocialCostHousehold.05_26_WMED_NW",1788.76987281512,1615.41641884583,1101.74945485969,1054.73227409076,"Average annual MPO household social cost due to vehicle use"
"SocialCostHousehold.05_27_WMED_Ctr",968.897296028032,1189.83781041109,502.016514635468,502.564153003266,"Average annual MPO household social cost due to vehicle use"
"SocialCostHousehold.06_28_EMED_SE",2493.69008420624,2103.51385237252,1365.77770689118,1283.21293961174,"Average annual MPO household social cost due to vehicle use"
"SocialCostHousehold.07_29_PHX_W",1917.50415944895,1567.11437559617,1300.35053992822,1272.5654034773,"Average annual MPO household social cost due to vehicle use"
"SocialCostHousehold.07_30_PHX_E",1830.30775950136,1516.02425876142,1195.79283422353,1165.82520183994,"Average annual MPO household social cost due to vehicle use"
"SocialCostHousehold.09_31_ASH_CtrE",1604.01341782695,1408.25108394568,959.243210768847,907.666366778104,"Average annual MPO household social cost due to vehicle use"
"SocialCostHousehold.11_32_NMED_SE",1360.48173876625,1262.38452849522,771.003866796896,747.269003306892,"Average annual MPO household social cost due to vehicle use"
"SocialCostHousehold.08_33_TAL_E",1975.63632759036,1611.47331197013,1376.77301819226,1341.46071534227,"Average annual MPO household social cost due to vehicle use"
"SocialCostHousehold.08_34_TAL_W",1942.70599577025,1634.81320335065,1339.77998292159,1321.78157499893,"Average annual MPO household social cost due to vehicle use"
"SocialCostHousehold.09_35_ASH_E",2183.11858729142,1757.43780371595,1561.26800122427,1491.40054917019,"Average annual MPO household social cost due to vehicle use"
"SocialCostHousehold.09_36_ASH_NW",1706.99162015213,1498.74207011732,1010.93866358739,955.410402589216,"Average annual MPO household social cost due to vehicle use"
"SocialCostHousehold.05_37_WMED_SW",1530.65622094132,1376.98819207384,881.853997623832,824.941273369232,"Average annual MPO household social cost due to vehicle use"
"SocialCostHousehold.05_38_WMED_ESE",486.820174721992,773.869847612394,209.824788455007,235.337587641645,"Average annual MPO household social cost due to vehicle use"
"SocialCostHousehold.06_39_EMED_W",1397.4053111953,1266.9946048174,856.998422240388,818.614972493679,"Average annual MPO household social cost due to vehicle use"
"MixedUsePopProp.01_01_EP_NW",0.0846656158522855,0.0831731609295824,0.17013639626705,0.170174383644017,"Proportion of MPO population living in mixed-use neighborhoods"
"MixedUsePopProp.02_02_WC_Ctr",0.0827048768225239,0.121546052631579,0.124477162456082,0.133581963044584,"Proportion of MPO population living in mixed-use neighborhoods"
"MixedUsePopProp.03_03_CP_W",0.0642753095411508,0.0860538588837069,0.128264140922369,0.108796710173431,"Proportion of MPO population living in mixed-use neighborhoods"
"MixedUsePopProp.04_04_JACK",0.0530973451327434,0.0499145299145299,0.0914592215651217,0.09906823787339,"Proportion of MPO population living in mixed-use neighborhoods"
"MixedUsePopProp.05_05_WMED_NE",0.102981029810298,0.135985041645419,0.0851246775580396,0.0846136207291906,"Proportion of MPO population living in mixed-use neighborhoods"
"MixedUsePopProp.06_06_EMED_NE",0,0,0.149607329842932,0.156974485170315,"Proportion of MPO population living in mixed-use neighborhoods"
"MixedUsePopProp.07_07_PHX_Ctr",0.106257208765859,0.126760563380282,0.176208433321906,0.161975875933372,"Proportion of MPO population living in mixed-use neighborhoods"
"MixedUsePopProp.08_08_TAL_Ctr",0.095151789759855,0.104296341278275,0.147884084636615,0.142660392516929,"Proportion of MPO population living in mixed-use neighborhoods"
"MixedUsePopProp.09_09_ASH_N",0.0801415487094088,0.0728461885430762,0.100613496932515,0.119987614181762,"Proportion of MPO population living in mixed-use neighborhoods"
"MixedUsePopProp.10_10_TOLO",0,0.00131319763624425,0,0,"Proportion of MPO population living in mixed-use neighborhoods"
"MixedUsePopProp.11_11_NMED_N",0.0478615071283096,0.0504435994930292,0.0554851786166709,0.0616198685670393,"Proportion of MPO population living in mixed-use neighborhoods"
"MixedUsePopProp.09_12_ASH_Ctr",0.196525342684093,0.166366258111031,0.269294132556077,0.258983572895277,"Proportion of MPO population living in mixed-use neighborhoods"
"MixedUsePopProp.03_13_CP_E",0.0297496318114875,0.0526315789473684,0.0933709449929478,0.0898170135493784,"Proportion of MPO population living in mixed-use neighborhoods"
"MixedUsePopProp.05_14_WMED_SE",0.0699046754425783,0.0703996282527881,0.099950149551346,0.091324200913242,"Proportion of MPO population living in mixed-use neighborhoods"
"MixedUsePopProp.05_15_WMED_E",0.0746187363834423,0.101477449455677,0.0772797527047913,0.0656240417049985,"Proportion of MPO population living in mixed-use neighborhoods"
"MixedUsePopProp.06_16_EMED_NW",0.149685920024514,0.160501019516458,0.12657420691854,0.138132911392405,"Proportion of MPO population living in mixed-use neighborhoods"
"MixedUsePopProp.06_17_EMED_SW",0.133448873483536,0.112809315866084,0.108843537414966,0.100214836345255,"Proportion of MPO population living in mixed-use neighborhoods"
"MixedUsePopProp.11_18_NMED_SW",0.110580547876351,0.143272239606616,0.104140526976161,0.107984790874525,"Proportion of MPO population living in mixed-use neighborhoods"
"MixedUsePopProp.09_19_ASH_SW",0.143052807791813,0.112725159790819,0.1872070581748,0.162588363240892,"Proportion of MPO population living in mixed-use neighborhoods"
"MixedUsePopProp.06_20_EMED_N",0.147780456672812,0.107676801612632,0.163609054822444,0.150110607816286,"Proportion of MPO population living in mixed-use neighborhoods"
"MixedUsePopProp.01_21_EP_SE",0.0488002156915611,0.037841796875,0.0928491620111732,0.09131156613171,"Proportion of MPO population living in mixed-use neighborhoods"
"MixedUsePopProp.02_22_WC_S",0.0169197396963124,0.0218812162546178,0.0437198962578733,0.0275471698113208,"Proportion of MPO population living in mixed-use neighborhoods"
"MixedUsePopProp.06_23_EMED_Ctr",0.103642893791688,0.0806642941874259,0.123045078196872,0.126186617272517,"Proportion of MPO population living in mixed-use neighborhoods"
"MixedUsePopProp.03_24_CP_N",0.105917159763314,0.114044079958995,0.0960205391527599,0.105816038944402,"Proportion of MPO population living in mixed-use neighborhoods"
"MixedUsePopProp.03_25_CP_S",0.153966699314398,0.140821301331333,0.128300410717778,0.150087599766401,"Proportion of MPO population living in mixed-use neighborhoods"
"MixedUsePopProp.05_26_WMED_NW",0.0317491619010057,0.0303530869295891,0.0495205381422642,0.0596291012838802,"Proportion of MPO population living in mixed-use neighborhoods"
"MixedUsePopProp.05_27_WMED_Ctr",0.0910865322055953,0.115658832849221,0.131310737141503,0.120055517002082,"Proportion of MPO population living in mixed-use neighborhoods"
"MixedUsePopProp.06_28_EMED_SE",0,0,0.190704385015716,0.195231459978325,"Proportion of MPO population living in mixed-use neighborhoods"
"MixedUsePopProp.07_29_PHX_W",0,0,0,0,"Proportion of MPO population living in mixed-use neighborhoods"
"MixedUsePopProp.07_30_PHX_E",0.0237226277372263,0.0122850122850123,0.0543872371283539,0.0428044280442804,"Proportion of MPO population living in mixed-use neighborhoods"
"MixedUsePopProp.09_31_ASH_CtrE",0.0997288923315259,0.102787827197276,0.145463104625162,0.147225231732274,"Proportion of MPO population living in mixed-use neighborhoods"
"MixedUsePopProp.11_32_NMED_SE",0.130434782608696,0.133588761174968,0.172208538587849,0.176600441501104,"Proportion of MPO population living in mixed-use neighborhoods"
"MixedUsePopProp.08_33_TAL_E",0,0,0,0,"Proportion of MPO population living in mixed-use neighborhoods"
"MixedUsePopProp.08_34_TAL_W",0,0,0,0,"Proportion of MPO population living in mixed-use neighborhoods"
"MixedUsePopProp.09_35_ASH_E",0,0,0.00906183368869936,0.0136842105263158,"Proportion of MPO population living in mixed-use neighborhoods"
"MixedUsePopProp.09_36_ASH_NW",0.114628595075522,0.0874607393090118,0.159053467125955,0.157686676427526,"Proportion of MPO population living in mixed-use neighborhoods"
"MixedUsePopProp.05_37_WMED_SW",0.096047043449853,0.0868161739721373,0.126668314384577,0.126933401508373,"Proportion of MPO population living in mixed-use neighborhoods"
"MixedUsePopProp.05_38_WMED_ESE",0.100239298059027,0.12363798087614,0.086915594603075,0.0934311224489796,"Proportion of MPO population living in mixed-use neighborhoods"
"MixedUsePopProp.06_39_EMED_W",0.146948738812042,0.126975670396022,0.115626594116647,0.130674952528914,"Proportion of MPO population living in mixed-use neighborhoods"
